frame,timestamp_sec,track_id,x_center,y_center,x1,y1,x2,y2
0,0.0,1,1525.8,433.9,1431.4,251.8,1620.3,616.0
0,0.0,2,883.6,706.6,750.9,493.0,1016.4,920.1
1,0.033,1,1525.8,433.9,1431.4,251.8,1620.3,616.0
1,0.033,2,883.6,706.6,750.9,493.0,1016.3,920.1
2,0.067,1,1525.8,433.9,1431.4,251.8,1620.3,616.0
2,0.067,2,883.6,706.6,750.9,493.0,1016.3,920.1
3,0.1,1,1526.1,434.1,1431.6,252.0,1620.6,616.2
3,0.1,2,883.9,705.7,751.3,492.2,1016.5,919.1
4,0.133,1,1526.5,434.1,1431.8,251.7,1621.1,616.4
4,0.133,2,884.6,705.4,752.0,491.7,1017.3,919.1
5,0.167,1,1526.4,434.7,1432.0,253.0,1620.7,616.4
5,0.167,2,885.5,704.6,753.2,491.2,1017.7,917.9
6,0.2,1,1526.6,434.9,1432.4,253.4,1620.8,616.4
6,0.2,2,892.0,703.7,759.9,491.0,1024.2,916.5
7,0.234,1,1526.7,435.0,1432.5,253.6,1620.8,616.4
7,0.234,2,894.3,703.5,762.1,490.9,1026.6,916.0
8,0.267,1,1526.8,435.2,1432.8,254.1,1620.9,616.4
8,0.267,2,895.1,703.5,762.5,490.2,1027.8,916.7
9,0.3,1,1527.5,435.1,1433.3,253.8,1621.7,616.4
9,0.3,2,898.3,701.2,766.4,489.3,1030.3,913.2
10,0.334,1,1527.3,435.0,1432.9,253.3,1621.7,616.6
10,0.334,2,900.6,699.4,769.2,488.4,1032.0,910.3
11,0.367,1,1526.9,434.8,1432.5,253.1,1621.4,616.5
11,0.367,2,902.1,698.0,771.1,487.9,1033.0,908.1
12,0.4,1,1527.2,434.8,1432.7,253.1,1621.7,616.5
12,0.4,2,901.8,696.9,771.5,487.7,1032.1,906.2
13,0.434,1,1526.7,434.6,1431.6,251.8,1621.8,617.3
13,0.434,2,901.7,696.6,771.7,487.6,1031.7,905.5
14,0.467,1,1526.2,434.6,1430.8,251.5,1621.5,617.7
14,0.467,2,902.9,696.2,772.9,487.0,1032.9,905.4
15,0.501,1,1525.9,434.7,1430.3,251.2,1621.6,618.2
15,0.501,2,897.9,696.0,769.1,487.1,1026.7,904.8
16,0.534,1,1526.4,434.6,1431.2,252.0,1621.6,617.2
16,0.534,2,894.1,696.4,766.7,487.5,1021.5,905.3
17,0.567,1,1526.9,434.1,1431.8,251.6,1622.1,616.5
17,0.567,2,895.9,694.5,769.8,485.7,1022.0,903.4
18,0.601,1,1527.1,434.0,1432.2,252.0,1622.0,616.0
18,0.601,2,893.4,694.3,769.3,485.7,1017.5,902.9
19,0.634,1,1527.1,433.9,1432.3,252.1,1622.0,615.8
19,0.634,2,892.4,694.3,770.0,485.8,1014.8,902.7
20,0.667,1,1527.1,433.8,1432.1,251.7,1622.0,615.9
20,0.667,2,894.0,692.6,773.6,485.0,1014.4,900.1
21,0.701,1,1527.1,433.8,1432.1,251.4,1622.1,616.1
21,0.701,2,897.8,692.0,778.7,485.1,1016.9,898.9
22,0.734,1,1527.2,433.9,1432.3,251.6,1622.1,616.2
22,0.734,2,897.3,690.1,779.1,482.2,1015.6,898.0
23,0.767,1,1527.3,434.2,1432.6,252.2,1622.0,616.2
23,0.767,2,897.3,688.7,780.3,480.7,1014.3,896.7
24,0.801,1,1527.1,434.4,1432.6,252.5,1621.6,616.2
24,0.801,2,898.3,688.2,782.3,479.8,1014.2,896.5
25,0.834,1,1527.1,434.4,1432.7,252.7,1621.5,616.2
25,0.834,2,898.6,688.1,783.7,479.6,1013.5,896.6
26,0.868,1,1527.4,434.5,1433.1,252.8,1621.7,616.2
26,0.868,2,899.2,688.1,785.5,479.7,1013.0,896.5
27,0.901,1,1527.3,434.6,1433.1,253.0,1621.6,616.2
27,0.901,2,903.0,688.0,790.0,480.2,1015.9,895.8
28,0.934,1,1527.5,434.5,1433.4,253.0,1621.7,616.0
28,0.934,2,904.5,687.8,792.4,480.6,1016.7,894.9
29,0.968,1,1526.7,434.2,1432.5,252.4,1620.8,615.9
29,0.968,2,910.5,687.3,798.3,480.8,1022.7,893.8
30,1.001,1,1525.9,434.3,1432.1,252.9,1619.8,615.8
30,1.001,2,910.9,687.7,798.6,480.9,1023.2,894.5
31,1.034,1,1525.7,434.4,1432.0,253.0,1619.3,615.7
31,1.034,2,910.9,687.9,798.6,481.0,1023.2,894.8
32,1.068,1,1525.4,434.6,1432.0,253.4,1618.7,615.7
32,1.068,2,915.5,689.0,802.7,482.6,1028.3,895.3
33,1.101,1,1525.5,435.0,1432.4,254.1,1618.6,615.8
33,1.101,2,910.8,690.4,798.4,483.8,1023.2,896.9
34,1.134,1,1526.1,435.2,1433.0,254.4,1619.3,616.0
34,1.134,2,910.0,690.8,797.9,484.3,1022.1,897.3
35,1.168,1,1526.5,435.3,1433.4,254.6,1619.7,616.1
35,1.168,2,915.0,691.7,802.5,485.6,1027.6,897.9
36,1.201,1,1526.9,435.4,1433.6,254.5,1620.2,616.2
36,1.201,2,912.7,692.6,801.3,487.3,1024.1,897.8
37,1.235,1,1527.0,435.4,1433.7,254.4,1620.4,616.3
37,1.235,2,911.8,692.9,801.2,487.9,1022.4,897.8
38,1.268,1,1525.5,435.7,1432.4,255.1,1618.6,616.2
38,1.268,2,925.9,692.0,814.4,487.9,1037.5,896.2
39,1.301,1,1524.9,435.6,1431.7,255.0,1618.2,616.3
39,1.301,2,931.1,691.0,819.2,488.7,1043.1,893.4
40,1.335,1,1524.6,435.6,1431.4,255.0,1617.8,616.2
40,1.335,2,928.3,690.3,817.0,490.2,1039.5,890.4
41,1.368,1,1525.0,435.6,1431.7,255.0,1618.2,616.3
41,1.368,2,935.2,689.1,823.2,490.8,1047.1,887.4
42,1.401,1,1524.7,435.5,1431.4,254.8,1617.9,616.3
42,1.401,2,933.9,689.8,821.5,492.6,1046.3,887.0
43,1.435,1,1524.5,435.5,1431.2,254.7,1617.8,616.3
43,1.435,2,933.3,690.1,820.1,493.3,1046.6,886.9
44,1.468,1,1523.6,435.5,1430.3,254.6,1616.9,616.4
44,1.468,2,941.0,690.4,826.5,494.8,1055.4,886.1
45,1.502,1,1524.9,435.8,1431.6,255.0,1618.2,616.6
45,1.502,2,934.6,689.1,820.9,496.0,1048.3,882.2
46,1.535,1,1524.4,436.2,1431.3,255.8,1617.6,616.6
46,1.535,2,932.4,688.1,819.1,496.7,1045.7,879.5
47,1.568,1,1524.8,436.5,1431.6,256.2,1618.1,616.8
47,1.568,2,941.2,687.6,827.9,498.2,1054.6,877.1
48,1.602,1,1524.1,436.3,1430.6,255.6,1617.6,617.0
48,1.602,2,944.7,688.9,831.9,501.6,1057.4,876.1
49,1.635,1,1523.8,436.2,1430.1,255.4,1617.5,617.0
49,1.635,2,945.9,689.4,832.9,502.9,1059.0,875.8
50,1.668,1,1524.8,436.4,1431.1,255.5,1618.5,617.2
50,1.668,2,946.0,690.9,833.3,506.1,1058.6,875.8
51,1.702,1,1524.9,436.6,1431.3,256.1,1618.5,617.2
51,1.702,2,948.7,691.3,835.7,507.1,1061.7,875.5
52,1.735,1,1526.2,436.4,1432.4,255.5,1620.0,617.3
52,1.735,2,955.2,692.2,841.7,508.8,1068.7,875.5
53,1.768,1,1527.1,436.4,1433.3,255.8,1620.8,617.0
53,1.768,2,959.0,691.6,844.7,508.5,1073.3,874.8
54,1.802,1,1526.2,436.6,1432.6,256.3,1619.8,616.9
54,1.802,2,964.6,691.5,848.9,508.1,1080.3,874.9
55,1.835,1,1526.2,436.7,1432.7,256.5,1619.7,616.9
55,1.835,2,966.6,691.4,849.7,507.9,1083.5,874.8
56,1.869,1,1525.5,436.1,1431.9,255.7,1619.1,616.6
56,1.869,2,970.7,691.2,853.0,508.6,1088.3,873.8
57,1.902,1,1526.8,436.2,1433.3,256.4,1620.2,616.0
57,1.902,2,974.5,691.1,855.8,508.8,1093.2,873.4
58,1.935,1,1526.8,435.4,1433.5,255.6,1620.2,615.2
58,1.935,2,973.6,689.7,854.7,508.2,1092.5,871.2
59,1.969,1,1527.1,435.5,1433.9,255.7,1620.4,615.3
59,1.969,2,976.5,689.1,858.1,510.6,1094.8,867.7
60,2.002,1,1528.8,435.9,1435.3,255.9,1622.3,615.9
60,2.002,2,978.7,689.4,859.7,511.3,1097.8,867.5
61,2.035,1,1529.4,436.1,1435.7,256.0,1623.1,616.2
61,2.035,2,979.5,689.5,859.7,511.5,1099.3,867.4
62,2.069,1,1528.8,436.5,1435.5,257.8,1622.0,615.3
62,2.069,2,989.0,688.1,867.7,510.8,1110.3,865.5
63,2.102,1,1527.7,437.2,1434.3,258.1,1621.1,616.3
63,2.102,2,993.5,687.7,870.1,509.8,1116.8,865.7
64,2.135,1,1528.9,438.0,1435.4,259.1,1622.5,616.8
64,2.135,2,997.0,688.8,871.2,509.1,1122.7,868.6
65,2.169,1,1534.3,439.6,1440.7,262.7,1627.8,616.5
65,2.169,2,1000.7,688.5,874.0,508.5,1127.4,868.6
66,2.202,1,1538.6,439.4,1444.0,262.8,1633.2,616.1
66,2.202,2,1001.2,686.2,875.0,506.7,1127.4,865.8
67,2.236,1,1540.8,439.1,1444.9,262.1,1636.7,616.0
67,2.236,2,1001.0,685.2,875.1,506.0,1126.8,864.5
68,2.269,1,1537.1,440.3,1441.6,264.8,1632.6,615.7
68,2.269,2,1012.8,683.7,885.0,502.9,1140.7,864.4
69,2.302,1,1534.2,441.2,1438.9,266.7,1629.4,615.8
69,2.302,2,1016.5,680.2,888.0,498.8,1145.0,861.7
70,2.336,1,1533.0,441.1,1437.4,266.4,1628.5,615.9
70,2.336,2,1025.2,677.6,896.8,497.4,1153.7,857.9
71,2.369,1,1536.3,441.9,1439.9,267.2,1632.7,616.6
71,2.369,2,1030.7,676.1,902.6,496.8,1158.8,855.4
72,2.402,1,1540.1,442.0,1442.6,267.4,1637.5,616.6
72,2.402,2,1037.8,674.5,909.4,495.7,1166.2,853.2
73,2.436,1,1541.4,442.0,1442.9,267.4,1639.9,616.6
73,2.436,2,1040.3,673.9,911.4,495.4,1169.2,852.4
74,2.469,1,1544.0,441.0,1443.5,264.8,1644.6,617.3
74,2.469,2,1043.2,672.4,913.4,493.4,1173.0,851.4
75,2.502,1,1545.5,442.3,1444.6,267.3,1646.5,617.3
75,2.502,2,1043.6,673.1,913.1,492.4,1174.1,853.8
76,2.536,1,1545.6,444.5,1444.4,270.9,1646.9,618.1
76,2.536,2,1046.8,673.8,916.5,492.3,1177.2,855.2
77,2.569,1,1543.0,444.0,1440.3,268.8,1645.6,619.3
77,2.569,2,1050.6,672.6,920.7,491.1,1180.5,854.1
78,2.603,1,1544.3,445.2,1441.3,271.1,1647.2,619.2
78,2.603,2,1054.5,671.4,925.5,490.2,1183.4,852.6
79,2.636,1,1544.7,445.5,1441.1,271.9,1648.2,619.0
79,2.636,2,1055.8,671.0,927.6,489.8,1184.0,852.2
80,2.669,1,1542.7,444.8,1438.4,270.9,1646.9,618.8
80,2.669,2,1060.6,672.9,932.3,491.2,1189.0,854.6
81,2.703,1,1535.5,442.9,1430.3,266.3,1640.7,619.5
81,2.703,2,1068.4,674.2,939.0,490.8,1197.8,857.6
82,2.736,1,1539.8,443.5,1434.4,267.7,1645.2,619.3
82,2.736,2,1071.0,674.2,942.0,490.6,1200.1,857.8
83,2.769,1,1538.3,443.4,1431.8,265.8,1644.7,621.0
83,2.769,2,1074.5,673.7,945.3,489.8,1203.8,857.6
84,2.803,1,1532.7,441.3,1425.4,261.0,1640.0,621.6
84,2.803,2,1075.3,672.8,946.1,488.0,1204.5,857.6
85,2.836,1,1530.6,440.4,1423.5,259.2,1637.7,621.7
85,2.836,2,1075.4,672.5,946.6,487.4,1204.3,857.7
86,2.87,1,1530.5,439.7,1423.7,257.9,1637.4,621.4
86,2.87,2,1078.2,672.6,949.5,486.7,1207.0,858.5
87,2.903,1,1531.5,440.4,1426.4,261.5,1636.7,619.4
87,2.903,2,1083.0,671.3,954.7,485.1,1211.4,857.4
88,2.936,1,1525.5,441.1,1421.6,262.6,1629.5,619.7
88,2.936,2,1093.2,670.6,964.6,483.8,1221.8,857.3
89,2.97,1,1525.6,440.4,1422.2,262.1,1628.9,618.7
89,2.97,2,1101.6,671.1,972.3,483.7,1230.8,858.4
90,3.003,1,1525.6,439.1,1422.4,260.1,1628.8,618.1
90,3.003,2,1105.7,672.2,975.3,483.6,1236.0,860.8
91,3.036,1,1523.5,439.1,1420.8,259.6,1626.3,618.6
91,3.036,2,1107.0,672.6,976.2,483.6,1237.9,861.7
92,3.07,1,1522.0,438.8,1419.5,258.9,1624.4,618.6
92,3.07,2,1110.4,674.0,978.4,483.6,1242.3,864.4
93,3.103,1,1520.8,438.6,1418.8,258.5,1622.8,618.6
93,3.103,2,1112.4,675.3,979.8,484.1,1245.0,866.5
94,3.136,1,1520.2,438.6,1418.4,257.9,1622.0,619.4
94,3.136,2,1114.7,677.4,981.6,486.0,1247.9,868.8
95,3.17,1,1515.1,438.3,1412.7,257.1,1617.5,619.5
95,3.17,2,1118.3,676.8,984.8,485.0,1251.8,868.6
96,3.203,1,1514.1,437.9,1410.8,256.0,1617.3,619.8
96,3.203,2,1120.1,676.9,986.5,484.7,1253.8,869.1
97,3.237,1,1513.7,437.8,1410.0,255.7,1617.5,619.9
97,3.237,2,1120.7,676.9,987.0,484.6,1254.4,869.3
98,3.27,1,1511.7,437.3,1407.8,255.8,1615.7,618.8
98,3.27,2,1122.8,679.8,991.0,490.4,1254.6,869.2
99,3.303,1,1510.1,437.6,1405.0,256.4,1615.2,618.8
99,3.303,2,1119.8,685.8,987.7,494.4,1251.9,877.2
100,3.337,1,1502.7,438.3,1396.8,258.2,1608.7,618.3
100,3.337,2,1124.9,689.2,993.3,498.2,1256.5,880.2
101,3.37,1,1501.4,438.3,1394.3,258.0,1608.6,618.6
101,3.37,2,1128.4,693.0,996.0,500.7,1260.7,885.3
102,3.403,1,1499.7,437.1,1390.8,256.4,1608.6,617.8
102,3.403,2,1131.2,696.6,998.3,503.4,1264.2,889.8
103,3.437,1,1499.1,436.7,1388.7,255.8,1609.5,617.5
103,3.437,2,1132.2,697.9,999.0,504.4,1265.3,891.4
104,3.47,1,1496.9,436.6,1383.9,254.8,1609.8,618.4
104,3.47,2,1136.4,711.8,995.7,505.9,1277.1,917.6
105,3.504,1,1496.1,435.7,1381.3,253.8,1610.8,617.5
105,3.504,2,1135.9,723.9,989.7,507.4,1282.1,940.4
106,3.537,1,1493.7,435.7,1377.2,254.2,1610.2,617.3
106,3.537,2,1136.7,733.0,986.6,507.6,1286.8,958.3
107,3.57,1,1492.8,435.9,1374.4,254.6,1611.3,617.2
107,3.57,2,1138.3,738.5,987.7,509.6,1288.8,967.4
108,3.604,1,1489.7,436.2,1369.5,255.2,1609.9,617.2
108,3.604,2,1140.2,740.4,991.3,511.7,1289.1,969.1
109,3.637,1,1488.6,436.3,1366.7,255.4,1610.4,617.2
109,3.637,2,1140.9,740.9,993.5,512.4,1288.3,969.5
110,3.67,1,1488.1,436.4,1364.8,255.4,1611.4,617.3
110,3.67,2,1142.4,740.1,997.2,513.3,1287.7,966.9
111,3.704,1,1486.1,436.5,1361.3,254.6,1610.9,618.4
111,3.704,2,1143.9,746.3,997.6,515.4,1290.1,977.1
112,3.737,1,1485.7,436.8,1360.5,255.8,1610.9,617.8
112,3.737,2,1146.0,751.3,998.8,516.4,1293.1,986.2
113,3.77,1,1486.2,437.1,1360.1,256.0,1612.3,618.3
113,3.77,2,1148.2,751.2,1002.3,516.3,1294.0,986.0
114,3.804,1,1486.6,437.5,1360.0,256.7,1613.2,618.3
114,3.804,2,1150.1,766.5,997.8,517.5,1302.5,1015.5
115,3.837,1,1486.8,437.6,1359.6,256.9,1613.9,618.3
115,3.837,2,1150.8,772.2,997.5,518.0,1304.2,1026.5
116,3.871,1,1485.7,438.4,1358.8,259.1,1612.6,617.7
116,3.871,2,1152.6,783.1,996.5,519.7,1308.8,1046.5
117,3.904,1,1485.4,439.4,1358.9,261.2,1611.9,617.5
117,3.904,2,1154.6,787.3,998.0,518.9,1311.2,1055.6
118,3.937,1,1485.4,439.8,1358.7,262.0,1612.2,617.5
118,3.937,2,1157.7,792.6,1000.4,519.2,1315.0,1066.1
119,3.971,1,1488.8,439.6,1361.8,261.8,1615.8,617.3
119,3.971,2,1162.0,795.2,1005.4,519.7,1318.7,1070.8
120,4.004,1,1489.1,439.6,1361.8,261.9,1616.4,617.2
120,4.004,2,1166.5,797.6,1011.8,522.5,1321.3,1072.7
121,4.037,1,1489.2,439.2,1361.4,261.3,1617.0,617.2
121,4.037,2,1168.3,798.3,1015.3,523.6,1321.2,1073.0
122,4.071,1,1489.0,439.5,1361.0,261.7,1616.9,617.3
122,4.071,2,1170.8,798.6,1019.7,524.7,1321.9,1072.5
123,4.104,1,1488.4,440.2,1360.8,263.1,1616.0,617.2
123,4.104,2,1175.4,800.0,1025.6,526.1,1325.3,1074.0
124,4.137,1,1487.8,439.5,1359.5,261.9,1616.0,617.2
124,4.137,2,1180.1,800.6,1031.4,526.9,1328.8,1074.3
125,4.171,1,1485.7,439.6,1357.3,261.7,1614.1,617.4
125,4.171,2,1185.0,801.0,1037.6,528.0,1332.5,1074.1
126,4.204,1,1484.4,439.8,1356.3,262.0,1612.5,617.6
126,4.204,2,1191.4,802.0,1045.3,529.8,1337.5,1074.2
127,4.238,1,1483.9,439.9,1356.1,262.1,1611.7,617.7
127,4.238,2,1193.7,802.2,1048.6,530.4,1338.8,1074.0
128,4.271,1,1483.2,440.5,1355.7,263.2,1610.6,617.8
128,4.271,2,1198.1,802.4,1054.4,531.9,1341.9,1072.9
129,4.304,1,1484.4,440.0,1356.8,262.1,1612.1,618.0
129,4.304,2,1203.8,802.6,1061.0,532.5,1346.6,1072.7
130,4.338,1,1483.7,439.8,1355.7,261.5,1611.6,618.0
130,4.338,2,1210.2,803.4,1068.3,534.8,1352.0,1072.0
131,4.371,1,1485.7,440.0,1358.1,261.9,1613.2,618.2
131,4.371,2,1217.3,804.7,1076.2,537.1,1358.3,1072.3
132,4.404,1,1486.4,440.7,1359.1,263.2,1613.6,618.3
132,4.404,2,1225.5,805.8,1085.7,540.4,1365.4,1071.2
133,4.438,1,1486.8,441.1,1359.5,263.7,1614.0,618.4
133,4.438,2,1228.3,806.1,1089.0,541.6,1367.7,1070.6
134,4.471,1,1490.5,442.9,1364.5,266.2,1616.5,619.6
134,4.471,2,1234.0,807.5,1094.9,543.5,1373.2,1071.5
135,4.505,1,1503.7,442.0,1379.6,264.8,1627.8,619.3
135,4.505,2,1241.6,808.7,1102.9,545.6,1380.4,1071.8
136,4.538,1,1508.9,441.6,1386.7,264.2,1631.0,619.0
136,4.538,2,1248.0,809.5,1109.7,547.7,1386.3,1071.3
137,4.571,1,1513.6,441.1,1393.2,262.8,1634.1,619.4
137,4.571,2,1255.4,811.4,1117.3,551.0,1393.5,1071.8
138,4.605,1,1515.5,441.1,1397.5,262.9,1633.4,619.2
138,4.605,2,1261.3,813.7,1123.6,555.5,1399.0,1072.0
139,4.638,1,1516.1,441.0,1400.3,262.9,1631.8,619.2
139,4.638,2,1263.3,814.5,1125.3,557.1,1401.2,1072.0
140,4.671,1,1516.4,440.4,1402.4,261.7,1630.4,619.1
140,4.671,2,1269.7,816.0,1131.3,559.1,1408.1,1072.9
141,4.705,1,1516.7,440.3,1404.8,261.4,1628.7,619.1
141,4.705,2,1277.0,816.5,1138.7,562.0,1415.2,1071.0
142,4.738,1,1516.7,440.2,1406.7,261.4,1626.7,618.9
142,4.738,2,1279.7,817.6,1140.9,563.9,1418.5,1071.4
143,4.771,1,1517.2,439.2,1408.4,259.6,1625.9,618.8
143,4.771,2,1283.2,818.4,1143.7,564.5,1422.7,1072.3
144,4.805,1,1517.8,439.0,1410.6,259.4,1625.0,618.6
144,4.805,2,1286.4,818.2,1147.0,565.6,1425.8,1070.7
145,4.838,1,1517.8,439.3,1412.1,259.7,1623.5,618.8
145,4.838,2,1290.0,817.2,1150.3,566.0,1429.7,1068.3
146,4.872,1,1518.0,439.0,1413.8,259.5,1622.3,618.5
146,4.872,2,1292.8,817.9,1152.2,566.3,1433.3,1069.4
147,4.905,1,1517.8,438.8,1415.0,259.4,1620.5,618.2
147,4.905,2,1298.1,819.3,1157.0,567.4,1439.3,1071.2
148,4.938,1,1518.0,438.4,1416.6,258.9,1619.5,618.0
148,4.938,2,1299.3,821.0,1157.0,568.8,1441.6,1073.2
149,4.972,1,1519.8,437.9,1419.2,257.7,1620.5,618.0
149,4.972,2,1299.4,821.9,1156.2,570.0,1442.6,1073.8
150,5.005,1,1520.9,437.4,1421.1,257.0,1620.7,617.8
150,5.005,2,1302.5,822.7,1158.8,571.1,1446.1,1074.3
151,5.038,1,1521.1,437.4,1422.2,257.1,1620.0,617.8
151,5.038,2,1303.1,823.0,1158.8,571.5,1447.4,1074.6
152,5.072,1,1521.4,436.9,1423.2,256.5,1619.6,617.3
152,5.072,2,1300.8,823.9,1156.3,573.6,1445.3,1074.3
153,5.105,1,1521.5,436.6,1423.7,255.7,1619.4,617.4
153,5.105,2,1299.7,825.4,1155.2,576.5,1444.2,1074.3
154,5.138,1,1522.4,436.1,1424.7,254.8,1620.2,617.5
154,5.138,2,1294.8,827.3,1150.5,581.4,1439.1,1073.3
155,5.172,1,1522.1,436.4,1424.7,255.3,1619.5,617.4
155,5.172,2,1294.8,829.2,1150.0,585.1,1439.6,1073.3
156,5.205,1,1522.5,436.0,1425.0,254.5,1620.0,617.5
156,5.205,2,1294.7,831.0,1149.3,588.5,1440.1,1073.5
157,5.239,1,1522.6,435.8,1425.1,254.2,1620.2,617.5
157,5.239,2,1294.5,831.7,1147.9,589.7,1441.1,1073.6
158,5.272,1,1522.1,435.7,1424.5,253.9,1619.8,617.5
158,5.272,2,1300.1,832.4,1154.0,592.1,1446.1,1072.7
159,5.305,1,1521.6,435.9,1423.9,254.3,1619.2,617.6
159,5.305,2,1291.2,835.2,1143.3,596.6,1439.0,1073.8
160,5.339,1,1521.1,436.6,1423.5,255.1,1618.7,618.1
160,5.339,2,1288.2,837.2,1138.6,600.2,1437.7,1074.2
161,5.372,1,1521.4,436.1,1423.5,254.2,1619.2,618.1
161,5.372,2,1292.9,838.7,1142.5,602.9,1443.2,1074.4
162,5.405,1,1520.9,436.1,1423.1,254.1,1618.7,618.2
162,5.405,2,1285.6,840.0,1134.0,605.8,1437.2,1074.1
163,5.439,1,1520.8,436.1,1423.0,254.1,1618.5,618.2
163,5.439,2,1282.9,840.4,1129.7,606.8,1436.1,1074.0
164,5.472,1,1521.1,436.1,1423.4,254.0,1618.8,618.3
164,5.472,2,1279.0,841.1,1124.4,608.6,1433.6,1073.5
165,5.506,1,1521.0,436.8,1423.8,255.3,1618.2,618.2
165,5.506,2,1287.4,841.4,1132.0,609.2,1442.8,1073.6
166,5.539,1,1519.8,436.4,1422.4,254.4,1617.2,618.3
166,5.539,2,1295.1,842.8,1139.6,611.2,1450.5,1074.4
167,5.572,1,1518.9,436.0,1421.1,253.8,1616.6,618.2
167,5.572,2,1294.5,843.7,1138.5,612.6,1450.5,1074.7
168,5.606,1,1519.1,435.7,1421.1,253.2,1617.2,618.2
168,5.606,2,1292.7,845.1,1136.0,614.9,1449.3,1075.3
169,5.639,1,1519.2,435.5,1420.9,252.9,1617.5,618.2
169,5.639,2,1291.9,845.6,1134.4,615.7,1449.5,1075.6
170,5.672,1,1516.1,435.4,1417.2,252.8,1614.9,618.0
170,5.672,2,1290.5,846.9,1132.8,618.0,1448.2,1075.8
171,5.706,1,1513.5,435.2,1413.8,252.6,1613.1,617.9
171,5.706,2,1292.8,848.1,1135.4,620.1,1450.1,1076.1
172,5.739,1,1510.3,435.3,1409.8,252.8,1610.8,617.9
172,5.739,2,1296.6,849.2,1139.9,622.1,1453.2,1076.3
173,5.772,1,1508.7,437.3,1407.6,254.8,1609.7,619.7
173,5.772,2,1293.8,850.5,1137.4,624.4,1450.2,1076.5
174,5.806,1,1510.8,436.4,1409.1,253.9,1612.5,618.8
174,5.806,2,1290.6,851.1,1134.0,625.6,1447.2,1076.5
175,5.839,1,1511.4,436.2,1409.2,253.9,1613.6,618.5
175,5.839,2,1289.3,851.2,1132.4,626.0,1446.3,1076.5
176,5.873,1,1511.8,435.8,1409.0,253.3,1614.7,618.3
176,5.873,2,1285.8,851.6,1128.3,626.8,1443.3,1076.3
177,5.906,1,1509.9,435.6,1406.1,252.9,1613.7,618.3
177,5.906,2,1284.1,852.0,1126.3,628.0,1441.8,1076.1
178,5.939,1,1508.4,435.6,1403.4,252.7,1613.5,618.6
178,5.939,2,1281.2,852.6,1122.9,629.0,1439.6,1076.2
179,5.973,1,1509.3,435.9,1403.7,253.4,1614.9,618.4
179,5.973,2,1283.8,852.8,1125.5,629.2,1442.2,1076.3
180,6.006,1,1510.2,436.4,1403.7,253.6,1616.7,619.1
180,6.006,2,1280.4,852.7,1121.9,629.4,1439.0,1076.1
181,6.039,1,1510.6,436.5,1403.3,253.7,1617.9,619.3
181,6.039,2,1279.2,852.7,1120.3,629.5,1438.0,1076.0
182,6.073,1,1510.7,437.1,1403.1,254.9,1618.3,619.3
182,6.073,2,1281.0,852.9,1122.5,629.8,1439.4,1076.0
183,6.106,1,1508.2,437.2,1399.8,255.2,1616.7,619.1
183,6.106,2,1283.1,853.2,1125.5,630.3,1440.7,1076.0
184,6.139,1,1507.7,436.9,1398.4,254.8,1616.9,618.9
184,6.139,2,1286.4,853.6,1130.0,631.2,1442.7,1076.1
185,6.173,1,1508.0,436.9,1398.1,254.8,1618.0,619.0
185,6.173,2,1283.8,854.0,1128.0,631.7,1439.5,1076.3
186,6.206,1,1508.7,437.6,1398.5,256.0,1618.8,619.2
186,6.206,2,1273.2,854.6,1117.0,632.8,1429.4,1076.3
187,6.24,1,1508.3,438.1,1397.9,257.0,1618.7,619.3
187,6.24,2,1268.9,854.8,1112.0,633.2,1425.8,1076.3
188,6.273,1,1508.9,438.7,1398.6,258.2,1619.3,619.3
188,6.273,2,1267.5,854.9,1110.4,634.0,1424.7,1075.8
189,6.306,1,1511.2,439.3,1401.4,259.4,1621.1,619.2
189,6.306,2,1266.6,855.2,1109.3,634.8,1423.9,1075.6
190,6.34,1,1512.7,439.8,1403.4,260.6,1621.9,619.1
190,6.34,2,1262.7,855.5,1104.9,635.5,1420.5,1075.5
191,6.373,1,1516.9,438.5,1408.1,258.6,1625.7,618.5
191,6.373,2,1259.0,855.9,1100.8,636.8,1417.2,1075.0
192,6.406,1,1518.5,438.1,1410.3,257.9,1626.6,618.2
192,6.406,2,1268.9,855.8,1111.5,636.6,1426.4,1075.0
193,6.44,1,1519.0,437.9,1411.5,257.7,1626.6,618.1
193,6.44,2,1272.7,855.7,1116.0,636.5,1429.4,1075.0
194,6.473,1,1519.5,438.7,1412.9,258.8,1626.2,618.7
194,6.473,2,1263.0,857.3,1107.2,639.8,1418.9,1074.7
195,6.506,1,1520.5,436.9,1413.8,255.9,1627.1,617.8
195,6.506,2,1270.0,856.9,1115.4,639.0,1424.6,1074.8
196,6.54,1,1521.6,437.3,1415.3,255.8,1627.9,618.8
196,6.54,2,1275.5,858.1,1123.8,641.9,1427.1,1074.3
197,6.573,1,1522.4,436.2,1416.7,254.6,1628.1,617.8
197,6.573,2,1274.9,859.5,1125.7,645.0,1424.1,1074.0
198,6.607,1,1523.4,435.7,1418.4,254.0,1628.4,617.3
198,6.607,2,1275.1,860.8,1127.9,647.4,1422.3,1074.3
199,6.64,1,1523.7,435.3,1419.2,253.5,1628.1,617.1
199,6.64,2,1275.2,861.3,1129.5,648.3,1421.0,1074.4
200,6.673,1,1524.4,436.3,1420.2,254.0,1628.6,618.7
200,6.673,2,1272.4,862.5,1128.2,650.6,1416.6,1074.4
201,6.707,1,1524.3,436.6,1420.7,254.3,1627.9,618.8
201,6.707,2,1271.1,864.6,1128.9,654.8,1413.2,1074.3
202,6.74,1,1524.0,436.7,1421.0,254.5,1627.0,618.9
202,6.74,2,1270.2,866.4,1129.8,658.4,1410.6,1074.4
203,6.773,1,1523.3,437.4,1421.1,255.7,1625.4,619.0
203,6.773,2,1270.3,867.3,1131.7,661.1,1409.0,1073.5
204,6.807,1,1522.9,437.8,1421.3,256.2,1624.6,619.3
204,6.807,2,1272.2,869.0,1135.5,664.5,1408.9,1073.4
205,6.84,1,1522.8,437.9,1421.6,256.4,1624.0,619.4
205,6.84,2,1272.9,869.6,1137.4,665.7,1408.5,1073.4
206,6.874,1,1522.8,437.9,1422.1,256.5,1623.6,619.4
206,6.874,2,1270.8,870.8,1135.9,667.5,1405.7,1074.0
207,6.907,1,1523.5,437.6,1422.7,255.6,1624.2,619.5
207,6.907,2,1267.6,872.9,1132.7,669.3,1402.6,1076.4
208,6.94,1,1523.7,438.0,1423.3,256.2,1624.0,619.7
208,6.94,2,1264.5,874.2,1129.7,671.0,1399.2,1077.5
209,6.974,1,1523.4,438.2,1423.5,256.7,1623.4,619.8
209,6.974,2,1261.8,875.7,1127.8,673.6,1395.8,1077.9
210,7.007,1,1523.0,438.6,1423.4,257.2,1622.5,619.9
210,7.007,2,1259.4,878.1,1126.8,678.4,1392.0,1077.9
211,7.04,1,1522.8,438.7,1423.6,257.4,1622.0,620.0
211,7.04,2,1258.4,877.4,1126.7,679.2,1390.2,1075.6
212,7.074,1,1522.6,438.6,1423.6,257.4,1621.5,619.9
212,7.074,2,1256.0,877.7,1124.7,680.8,1387.3,1074.6
213,7.107,1,1522.6,438.6,1424.0,257.3,1621.2,619.8
213,7.107,2,1254.3,878.6,1123.7,683.2,1385.0,1073.9
214,7.14,1,1522.8,438.5,1424.5,257.2,1621.1,619.8
214,7.14,2,1252.7,880.4,1122.5,686.4,1382.9,1074.4
215,7.174,1,1522.6,438.7,1424.9,258.0,1620.4,619.4
215,7.174,2,1249.2,881.5,1118.9,688.9,1379.4,1074.2
216,7.207,1,1522.3,439.1,1425.1,258.8,1619.6,619.4
216,7.207,2,1246.6,883.2,1115.9,691.5,1377.3,1075.0
217,7.241,1,1522.2,439.2,1425.3,259.1,1619.1,619.4
217,7.241,2,1245.7,883.8,1114.2,692.4,1377.2,1075.3
218,7.274,1,1521.9,439.4,1425.3,259.4,1618.5,619.3
218,7.274,2,1244.8,885.7,1113.1,695.4,1376.5,1075.9
219,7.307,1,1521.5,439.5,1425.3,259.6,1617.8,619.3
219,7.307,2,1244.0,887.8,1111.9,698.3,1376.1,1077.4
220,7.341,1,1522.1,439.8,1426.0,260.1,1618.2,619.6
220,7.341,2,1243.0,889.5,1110.6,701.0,1375.3,1078.1
221,7.374,1,1522.3,440.0,1426.3,260.1,1618.3,619.8
221,7.374,2,1239.2,891.5,1106.3,704.1,1372.1,1078.9
222,7.407,1,1523.0,440.1,1427.0,260.2,1619.0,619.9
222,7.407,2,1235.6,892.0,1101.8,705.7,1369.4,1078.2
223,7.441,1,1523.2,440.1,1427.2,260.2,1619.2,620.0
223,7.441,2,1234.3,892.0,1099.4,706.2,1369.3,1077.8
224,7.474,1,1522.6,439.7,1426.5,259.4,1618.7,620.0
224,7.474,2,1233.9,892.4,1097.8,707.1,1369.9,1077.7
225,7.508,1,1522.0,440.1,1426.3,260.3,1617.7,619.9
225,7.508,2,1236.6,891.9,1099.7,706.6,1373.4,1077.2
226,7.541,1,1522.6,438.4,1426.9,258.5,1618.2,618.2
226,7.541,2,1237.3,892.1,1100.1,707.3,1374.5,1077.0
227,7.574,1,1521.8,439.7,1426.3,259.9,1617.3,619.5
227,7.574,2,1237.2,893.2,1099.9,709.1,1374.5,1077.2
228,7.608,1,1522.1,439.8,1426.4,259.5,1617.9,620.2
228,7.608,2,1235.8,893.3,1097.9,709.5,1373.6,1077.2
229,7.641,1,1522.1,439.9,1426.3,259.2,1617.9,620.6
229,7.641,2,1235.0,893.3,1096.6,709.5,1373.4,1077.2
230,7.674,1,1522.2,438.1,1426.6,257.7,1617.9,618.4
230,7.674,2,1234.6,893.4,1095.7,709.5,1373.5,1077.3
231,7.708,1,1523.2,439.2,1427.3,258.5,1619.0,619.9
231,7.708,2,1232.6,893.7,1093.8,710.5,1371.3,1076.9
232,7.741,1,1522.9,438.0,1427.1,257.5,1618.7,618.4
232,7.741,2,1228.2,893.2,1089.3,710.1,1367.2,1076.3
233,7.774,1,1522.9,438.8,1426.8,257.6,1619.1,620.1
233,7.774,2,1225.2,892.5,1086.1,709.4,1364.4,1075.6
234,7.808,1,1522.0,437.6,1426.1,256.6,1618.0,618.6
234,7.808,2,1222.2,892.5,1082.9,709.6,1361.4,1075.5
235,7.841,1,1521.7,437.1,1425.9,256.2,1617.5,618.0
235,7.841,2,1221.1,892.5,1081.7,709.6,1360.4,1075.5
236,7.875,1,1522.2,436.6,1426.2,255.2,1618.3,618.0
236,7.875,2,1219.3,892.5,1079.9,709.8,1358.7,1075.2
237,7.908,1,1523.1,438.2,1426.8,256.4,1619.3,619.9
237,7.908,2,1215.3,891.2,1074.7,707.4,1355.9,1075.0
238,7.941,1,1523.2,438.7,1426.9,256.7,1619.6,620.8
238,7.941,2,1212.4,891.0,1071.2,706.7,1353.6,1075.4
239,7.975,1,1524.0,439.0,1427.6,257.1,1620.4,620.9
239,7.975,2,1208.3,888.8,1065.3,702.4,1351.3,1075.2
240,8.008,1,1523.8,439.3,1427.3,257.4,1620.3,621.2
240,8.008,2,1204.0,887.9,1059.8,700.3,1348.2,1075.4
241,8.041,1,1523.6,439.5,1427.1,257.7,1620.1,621.3
241,8.041,2,1202.4,887.6,1057.7,699.7,1347.2,1075.5
242,8.075,1,1523.1,438.7,1426.3,256.8,1619.8,620.6
242,8.075,2,1200.1,886.8,1054.6,698.2,1345.7,1075.5
243,8.108,1,1523.2,438.6,1426.6,257.3,1619.8,619.9
243,8.108,2,1198.4,885.7,1052.6,696.5,1344.2,1074.8
244,8.141,1,1522.6,438.8,1426.1,257.7,1619.1,619.8
244,8.141,2,1198.7,885.1,1053.2,695.8,1344.2,1074.3
245,8.175,1,1522.4,439.9,1426.5,260.2,1618.3,619.6
245,8.175,2,1195.2,883.3,1048.7,692.2,1341.8,1074.4
246,8.208,1,1521.8,440.3,1426.2,261.3,1617.4,619.3
246,8.208,2,1193.3,881.9,1046.8,690.1,1339.8,1073.8
247,8.242,1,1521.6,440.4,1426.1,261.7,1617.0,619.2
247,8.242,2,1192.6,881.4,1046.5,689.3,1338.7,1073.5
248,8.275,1,1522.2,440.7,1426.8,262.1,1617.6,619.2
248,8.275,2,1189.3,880.6,1042.4,687.0,1336.1,1074.2
249,8.308,1,1522.4,440.2,1426.7,261.3,1618.1,619.2
249,8.308,2,1187.1,881.1,1040.0,686.3,1334.3,1075.9
250,8.342,1,1521.4,440.5,1425.9,261.9,1616.9,619.2
250,8.342,2,1185.6,880.6,1039.4,686.3,1331.9,1074.8
251,8.375,1,1521.7,440.6,1426.1,262.0,1617.2,619.2
251,8.375,2,1182.7,880.2,1037.0,686.1,1328.5,1074.2
252,8.408,1,1522.4,439.7,1426.3,260.2,1618.5,619.1
252,8.408,2,1180.6,879.1,1035.5,685.4,1325.6,1072.8
253,8.442,1,1522.8,439.2,1426.4,259.4,1619.2,619.1
253,8.442,2,1180.1,878.9,1035.7,685.4,1324.5,1072.4
254,8.475,1,1522.9,439.9,1426.7,260.7,1619.1,619.0
254,8.475,2,1177.1,878.8,1032.9,685.1,1321.3,1072.4
255,8.508,1,1523.5,440.3,1427.3,261.5,1619.7,619.0
255,8.508,2,1172.2,878.5,1027.4,684.3,1316.9,1072.8
256,8.542,1,1523.2,440.6,1427.1,262.2,1619.4,618.9
256,8.542,2,1167.8,878.5,1021.4,682.2,1314.2,1074.9
257,8.575,1,1522.6,439.9,1426.1,261.1,1619.0,618.7
257,8.575,2,1164.0,878.9,1017.0,682.0,1311.0,1075.8
258,8.609,1,1521.6,440.2,1425.3,261.7,1617.9,618.6
258,8.609,2,1162.0,879.6,1014.9,682.8,1309.2,1076.4
259,8.642,1,1521.1,440.3,1424.8,262.0,1617.4,618.6
259,8.642,2,1161.8,879.5,1015.5,683.9,1308.2,1075.0
260,8.675,1,1521.4,438.7,1424.4,259.3,1618.4,618.1
260,8.675,2,1160.3,879.4,1013.9,684.0,1306.6,1074.8
261,8.709,1,1521.4,437.6,1423.8,257.6,1619.0,617.6
261,8.709,2,1157.8,879.6,1011.6,684.8,1303.9,1074.4
262,8.742,1,1520.9,438.1,1423.4,258.6,1618.3,617.5
262,8.742,2,1152.4,880.8,1005.7,686.1,1299.1,1075.4
263,8.775,1,1520.6,438.1,1423.1,258.7,1618.1,617.6
263,8.775,2,1148.3,881.9,1001.8,688.0,1294.9,1075.8
264,8.809,1,1519.4,439.1,1422.5,260.4,1616.3,617.8
264,8.809,2,1143.4,884.2,997.2,691.7,1289.5,1076.7
265,8.842,1,1519.0,439.6,1422.5,261.2,1615.5,617.9
265,8.842,2,1141.6,885.1,995.3,693.1,1287.9,1077.1
266,8.876,1,1515.5,439.7,1418.2,261.1,1612.7,618.3
266,8.876,2,1140.1,886.1,994.5,695.6,1285.6,1076.6
267,8.909,1,1511.9,440.2,1414.2,261.6,1609.6,618.7
267,8.909,2,1137.8,886.4,991.5,695.3,1284.1,1077.5
268,8.942,1,1513.7,439.9,1415.9,260.9,1611.6,618.8
268,8.942,2,1138.0,887.2,992.3,696.9,1283.7,1077.6
269,8.976,1,1509.5,440.5,1411.3,262.2,1607.7,618.7
269,8.976,2,1134.2,887.5,988.2,697.3,1280.1,1077.8
270,9.009,1,1506.2,440.5,1407.2,262.2,1605.2,618.7
270,9.009,2,1131.2,889.6,986.0,700.9,1276.3,1078.3
271,9.042,1,1505.0,440.5,1405.3,262.2,1604.6,618.7
271,9.042,2,1130.1,890.3,985.1,702.2,1275.2,1078.5
272,9.076,1,1502.1,440.4,1402.1,263.0,1602.2,617.9
272,9.076,2,1126.8,889.9,981.7,702.4,1271.8,1077.5
273,9.109,1,1503.3,440.2,1402.4,262.0,1604.1,618.4
273,9.109,2,1126.6,890.3,981.9,703.4,1271.4,1077.2
274,9.142,1,1503.8,440.6,1402.6,262.4,1605.0,618.8
274,9.142,2,1120.7,891.2,975.8,705.1,1265.7,1077.2
275,9.176,1,1505.3,440.7,1403.8,262.4,1606.9,619.0
275,9.176,2,1119.0,891.3,974.4,706.6,1263.6,1076.0
276,9.209,1,1506.2,441.4,1404.6,263.6,1607.9,619.3
276,9.209,2,1113.9,892.1,969.5,709.2,1258.3,1074.9
277,9.243,1,1506.6,441.8,1404.9,264.3,1608.3,619.4
277,9.243,2,1112.1,892.3,967.1,710.1,1257.0,1074.5
278,9.276,1,1507.6,441.6,1406.0,263.8,1609.3,619.3
278,9.276,2,1109.8,893.4,963.9,711.1,1255.7,1075.7
279,9.309,1,1507.8,441.7,1406.4,264.1,1609.1,619.3
279,9.309,2,1107.4,893.1,960.9,711.1,1253.9,1075.1
280,9.343,1,1509.1,440.8,1408.3,263.6,1610.0,618.0
280,9.343,2,1107.3,892.8,960.6,711.1,1254.0,1074.6
281,9.376,1,1508.9,441.1,1407.9,263.3,1609.8,618.8
281,9.376,2,1104.9,893.3,957.7,711.7,1252.1,1074.8
282,9.409,1,1509.9,439.8,1409.0,261.6,1610.8,618.0
282,9.409,2,1101.2,893.8,952.8,711.7,1249.5,1075.9
283,9.443,1,1510.3,439.3,1409.5,261.0,1611.1,617.6
283,9.443,2,1099.8,894.0,950.7,711.6,1249.0,1076.4
284,9.476,1,1508.5,440.8,1408.1,262.8,1608.9,618.8
284,9.476,2,1097.8,894.6,948.7,712.8,1246.9,1076.3
285,9.51,1,1508.6,441.2,1408.3,263.4,1608.8,619.1
285,9.51,2,1097.0,895.0,947.8,713.6,1246.2,1076.3
286,9.543,1,1510.6,439.7,1410.0,261.3,1611.1,618.2
286,9.543,2,1095.2,894.9,945.7,713.7,1244.6,1076.1
287,9.576,1,1510.0,440.6,1409.5,262.3,1610.5,619.0
287,9.576,2,1092.4,895.3,942.8,714.4,1242.0,1076.3
288,9.61,1,1510.5,440.8,1410.0,262.5,1611.1,619.1
288,9.61,2,1089.3,895.8,939.6,715.3,1239.0,1076.2
289,9.643,1,1511.1,440.3,1410.2,261.6,1612.1,619.1
289,9.643,2,1088.2,895.9,938.2,715.6,1238.2,1076.2
290,9.676,1,1513.0,440.2,1411.5,260.9,1614.5,619.4
290,9.676,2,1085.8,896.1,935.5,716.1,1236.1,1076.1
291,9.71,1,1513.7,440.2,1411.9,260.8,1615.6,619.5
291,9.71,2,1083.7,896.2,933.0,716.5,1234.4,1075.9
292,9.743,1,1514.1,440.0,1411.9,260.4,1616.4,619.6
292,9.743,2,1082.0,895.1,931.3,716.2,1232.7,1074.1
293,9.776,1,1514.0,440.2,1411.6,260.9,1616.3,619.6
293,9.776,2,1080.4,896.0,928.6,716.0,1232.3,1076.1
294,9.81,1,1514.3,440.9,1412.0,262.1,1616.7,619.6
294,9.81,2,1079.1,896.3,927.3,716.8,1231.0,1075.8
295,9.843,1,1514.5,441.0,1411.7,262.2,1617.2,619.8
295,9.843,2,1078.8,896.4,926.7,717.1,1230.8,1075.8
296,9.877,1,1514.5,441.1,1411.4,262.5,1617.5,619.7
296,9.877,2,1077.1,896.9,925.0,717.9,1229.3,1075.9
297,9.91,1,1514.7,440.9,1411.2,262.2,1618.2,619.6
297,9.91,2,1075.5,897.7,923.1,719.0,1227.9,1076.4
298,9.943,1,1515.2,440.3,1410.9,260.7,1619.6,619.9
298,9.943,2,1073.1,897.7,920.1,719.0,1226.1,1076.4
299,9.977,1,1515.5,438.9,1410.6,258.5,1620.4,619.4
299,9.977,2,1071.3,898.2,917.9,719.7,1224.7,1076.8
300,10.01,1,1514.7,439.9,1409.7,259.6,1619.8,620.2
300,10.01,2,1069.3,898.4,915.6,719.8,1223.0,1077.0
301,10.043,1,1514.4,440.3,1409.2,260.0,1619.6,620.5
301,10.043,2,1068.6,898.5,914.6,719.8,1222.5,1077.1
302,10.077,1,1514.4,438.5,1408.2,256.8,1620.6,620.2
302,10.077,2,1067.2,898.7,913.0,720.1,1221.4,1077.2
303,10.11,1,1513.9,438.5,1407.5,256.4,1620.4,620.6
303,10.11,2,1065.5,898.6,911.2,720.2,1219.7,1076.9
304,10.143,1,1512.8,438.9,1406.6,257.0,1619.0,620.8
304,10.143,2,1062.4,899.0,908.2,721.2,1216.5,1076.8
305,10.177,1,1512.8,438.7,1406.5,256.6,1619.1,620.9
305,10.177,2,1059.6,899.1,905.2,721.3,1214.0,1076.9
306,10.21,1,1512.6,438.9,1406.4,257.0,1618.7,620.8
306,10.21,2,1057.9,899.3,903.2,721.3,1212.6,1077.2
307,10.244,1,1512.5,438.4,1406.2,256.0,1618.9,620.8
307,10.244,2,1057.1,899.5,902.2,721.5,1212.0,1077.5
308,10.277,1,1512.8,438.1,1406.3,255.4,1619.3,620.8
308,10.277,2,1055.8,899.6,901.0,722.1,1210.7,1077.1
309,10.31,1,1512.9,438.0,1406.4,255.3,1619.5,620.8
309,10.31,2,1053.0,900.5,898.2,723.5,1207.7,1077.5
310,10.344,1,1513.4,436.7,1407.1,254.1,1619.7,619.3
310,10.344,2,1050.8,901.0,895.8,724.0,1205.8,1078.0
311,10.377,1,1513.4,436.6,1407.5,254.3,1619.4,618.8
311,10.377,2,1049.4,901.3,894.0,724.4,1204.8,1078.2
312,10.41,1,1513.5,436.8,1407.8,254.8,1619.2,618.8
312,10.41,2,1048.9,901.5,893.1,724.4,1204.8,1078.5
313,10.444,1,1513.5,436.9,1408.0,255.0,1619.1,618.8
313,10.444,2,1048.7,901.5,892.5,724.4,1204.9,1078.6
314,10.477,1,1513.6,436.9,1408.2,255.0,1619.1,618.9
314,10.477,2,1047.8,901.6,891.4,724.6,1204.2,1078.6
315,10.511,1,1513.8,436.8,1408.3,254.5,1619.4,619.2
315,10.511,2,1046.4,902.1,889.9,725.4,1202.9,1078.8
316,10.544,1,1513.9,436.8,1408.4,254.4,1619.4,619.2
316,10.544,2,1044.4,902.6,888.4,726.6,1200.5,1078.7
317,10.577,1,1514.0,437.1,1408.8,255.2,1619.2,619.1
317,10.577,2,1044.9,902.9,889.4,727.5,1200.3,1078.2
318,10.611,1,1513.9,437.2,1408.9,255.4,1619.0,619.1
318,10.611,2,1044.4,902.8,889.1,727.5,1199.8,1078.1
319,10.644,1,1514.3,436.3,1409.0,253.9,1619.7,618.8
319,10.644,2,1041.9,903.1,886.7,728.1,1197.0,1078.2
320,10.677,1,1514.4,435.9,1409.0,253.2,1619.8,618.6
320,10.677,2,1039.0,903.0,883.3,727.6,1194.8,1078.4
321,10.711,1,1514.6,435.8,1409.2,253.0,1620.1,618.7
321,10.711,2,1037.2,903.8,881.7,729.2,1192.7,1078.4
322,10.744,1,1514.7,435.8,1409.3,253.0,1620.2,618.6
322,10.744,2,1035.8,904.4,880.3,730.4,1191.2,1078.5
323,10.777,1,1515.0,435.9,1409.6,253.1,1620.4,618.7
323,10.777,2,1035.4,904.6,879.8,730.8,1191.1,1078.4
324,10.811,1,1515.3,435.9,1409.9,253.0,1620.7,618.7
324,10.811,2,1035.2,904.7,879.2,730.9,1191.2,1078.4
325,10.844,1,1515.4,435.9,1410.0,253.0,1620.8,618.8
325,10.844,2,1035.2,904.7,878.9,730.9,1191.4,1078.4
326,10.878,1,1515.5,436.0,1410.1,253.1,1620.9,618.8
326,10.878,2,1033.4,904.7,876.7,730.7,1190.2,1078.7
327,10.911,1,1515.9,435.9,1410.5,253.0,1621.4,618.8
327,10.911,2,1033.5,904.7,876.9,730.9,1190.2,1078.5
328,10.944,1,1515.7,436.0,1410.3,253.2,1621.1,618.9
328,10.944,2,1032.2,904.8,875.6,731.0,1188.9,1078.5
329,10.978,1,1515.7,436.0,1410.3,253.1,1621.0,618.9
329,10.978,2,1031.7,904.7,875.2,731.1,1188.2,1078.4
330,11.011,1,1515.4,435.9,1410.0,253.0,1620.8,618.8
330,11.011,2,1031.5,904.9,875.1,731.1,1187.9,1078.8
331,11.044,1,1515.3,435.9,1409.9,253.0,1620.6,618.8
331,11.044,2,1031.4,905.0,875.2,731.1,1187.6,1078.9
332,11.078,1,1515.4,435.9,1410.0,252.9,1620.7,618.9
332,11.078,2,1030.8,905.4,874.7,731.5,1186.8,1079.2
333,11.111,1,1515.5,435.7,1410.2,252.7,1620.9,618.8
333,11.111,2,1029.4,905.8,873.4,732.1,1185.4,1079.5
334,11.144,1,1515.7,435.7,1410.3,252.5,1621.1,618.9
334,11.144,2,1029.4,906.2,873.7,732.6,1185.1,1079.7
335,11.178,1,1515.8,435.7,1410.5,252.6,1621.1,618.9
335,11.178,2,1029.7,906.5,874.3,733.2,1185.1,1079.8
336,11.211,1,1516.0,435.7,1410.5,252.2,1621.5,619.1
336,11.211,2,1030.1,906.5,874.9,733.2,1185.3,1079.7
337,11.245,1,1516.0,435.6,1410.5,252.1,1621.6,619.2
337,11.245,2,1030.3,906.4,875.2,733.2,1185.3,1079.7
338,11.278,1,1516.2,435.5,1410.7,251.9,1621.8,619.2
338,11.278,2,1030.7,906.4,876.0,733.4,1185.4,1079.5
339,11.311,1,1516.4,435.4,1410.8,251.7,1622.1,619.2
339,11.311,2,1030.4,906.4,875.8,733.4,1185.0,1079.4
340,11.345,1,1516.0,436.2,1410.1,252.2,1621.8,620.2
340,11.345,2,1030.2,906.4,875.8,733.4,1184.6,1079.3
341,11.378,1,1515.6,436.5,1409.8,252.7,1621.4,620.2
341,11.378,2,1030.1,906.5,875.8,733.6,1184.4,1079.4
342,11.411,1,1515.1,437.0,1409.5,253.7,1620.7,620.4
342,11.411,2,1029.7,906.8,875.7,734.2,1183.6,1079.3
343,11.445,1,1514.9,437.3,1409.4,254.0,1620.5,620.5
343,11.445,2,1029.5,906.9,875.7,734.4,1183.3,1079.3
344,11.478,1,1515.1,436.7,1409.7,253.6,1620.5,619.7
344,11.478,2,1028.9,906.8,875.1,734.4,1182.6,1079.2
345,11.511,1,1515.3,436.3,1409.8,253.2,1620.7,619.3
345,11.511,2,1028.7,907.0,875.0,734.8,1182.5,1079.2
346,11.545,1,1515.4,436.3,1409.9,253.2,1620.9,619.3
346,11.545,2,1028.7,907.3,874.9,735.1,1182.4,1079.4
347,11.578,1,1515.5,436.0,1409.9,252.8,1621.1,619.3
347,11.578,2,1028.7,907.5,875.5,736.3,1181.8,1078.6
348,11.612,1,1515.9,436.0,1410.4,253.1,1621.3,618.9
348,11.612,2,1028.7,907.7,875.0,736.1,1182.3,1079.3
349,11.645,1,1516.0,436.0,1410.6,253.2,1621.4,618.8
349,11.645,2,1028.7,907.8,874.7,736.0,1182.6,1079.6
350,11.678,1,1516.0,435.9,1410.4,253.0,1621.5,618.8
350,11.678,2,1029.2,907.9,875.9,737.0,1182.4,1078.9
351,11.712,1,1515.8,435.8,1410.3,252.9,1621.3,618.8
351,11.712,2,1029.1,907.9,876.2,737.6,1182.1,1078.2
352,11.745,1,1515.7,435.8,1410.3,253.0,1621.1,618.6
352,11.745,2,1028.8,907.8,875.8,737.4,1181.8,1078.1
353,11.778,1,1516.2,435.6,1410.6,252.6,1621.8,618.7
353,11.778,2,1028.3,907.8,874.9,737.2,1181.6,1078.5
354,11.812,1,1516.3,435.5,1410.5,252.2,1622.0,618.8
354,11.812,2,1027.6,908.1,874.1,737.5,1181.0,1078.7
355,11.845,1,1516.3,435.4,1410.5,252.0,1622.1,618.8
355,11.845,2,1027.3,908.2,873.8,737.7,1180.8,1078.8
356,11.879,1,1516.5,435.4,1410.7,252.0,1622.4,618.9
356,11.879,2,1026.0,907.8,872.1,737.0,1179.9,1078.5
357,11.912,1,1516.6,435.4,1410.9,252.3,1622.3,618.6
357,11.912,2,1024.8,907.6,870.9,737.0,1178.8,1078.1
358,11.945,1,1516.4,435.5,1410.8,252.5,1621.9,618.5
358,11.945,2,1027.1,908.1,873.6,738.1,1180.6,1078.2
359,11.979,1,1516.0,435.8,1410.7,253.2,1621.2,618.4
359,11.979,2,1027.8,908.4,874.4,738.5,1181.2,1078.4
360,12.012,1,1515.8,435.9,1410.8,253.5,1620.9,618.4
360,12.012,2,1029.9,908.3,876.8,738.6,1183.0,1078.0
361,12.045,1,1515.7,436.0,1410.8,253.7,1620.6,618.3
361,12.045,2,1029.7,908.3,876.7,738.7,1182.7,1077.9
362,12.079,1,1515.5,435.9,1410.7,253.6,1620.2,618.2
362,12.079,2,1021.9,908.4,868.0,738.9,1175.9,1077.9
363,12.112,1,1515.3,435.9,1410.6,253.7,1619.9,618.1
363,12.112,2,1022.0,908.3,867.3,738.5,1176.7,1078.0
364,12.145,1,1515.1,435.9,1410.6,253.8,1619.6,618.1
364,12.145,2,1023.6,908.1,868.5,738.2,1178.6,1078.0
365,12.179,1,1515.0,436.1,1410.7,254.1,1619.3,618.1
365,12.179,2,1016.1,908.3,859.6,738.3,1172.6,1078.3
366,12.212,1,1515.0,436.2,1410.7,254.2,1619.2,618.2
366,12.212,2,1019.7,908.4,862.9,738.5,1176.4,1078.2
367,12.246,1,1515.0,436.2,1410.8,254.2,1619.1,618.2
367,12.246,2,1021.1,908.4,864.0,738.5,1178.1,1078.2
368,12.279,1,1515.1,436.2,1411.1,254.3,1619.1,618.0
368,12.279,2,1016.6,908.4,858.6,738.6,1174.6,1078.2
369,12.312,1,1514.9,436.3,1411.0,254.5,1618.8,618.2
369,12.312,2,1010.9,908.3,851.4,738.6,1170.3,1077.9
370,12.346,1,1514.4,436.9,1410.8,255.6,1617.9,618.2
370,12.346,2,1019.5,908.3,860.3,738.7,1178.7,1077.9
371,12.379,1,1514.3,436.8,1410.8,255.4,1617.9,618.3
371,12.379,2,1025.5,908.3,866.9,738.6,1184.2,1077.9
372,12.412,1,1514.2,437.0,1410.8,255.7,1617.6,618.2
372,12.412,2,1027.2,908.4,869.1,738.9,1185.2,1078.0
373,12.446,1,1514.3,436.7,1410.8,255.2,1617.7,618.2
373,12.446,2,1027.2,908.5,869.4,739.0,1184.9,1078.1
374,12.479,1,1514.4,436.8,1410.9,255.4,1617.8,618.3
374,12.479,2,1021.3,908.6,863.0,739.1,1179.5,1078.1
375,12.513,1,1513.9,437.0,1410.7,255.7,1617.1,618.2
375,12.513,2,1020.9,908.7,862.4,739.3,1179.3,1078.1
376,12.546,1,1514.1,436.8,1410.9,255.5,1617.3,618.1
376,12.546,2,1019.4,908.6,860.7,739.5,1178.1,1077.8
377,12.579,1,1515.0,437.2,1411.7,255.8,1618.3,618.5
377,12.579,2,1016.5,908.6,857.3,739.6,1175.7,1077.6
378,12.613,1,1515.1,437.9,1411.9,256.9,1618.2,618.8
378,12.613,2,1013.6,908.8,853.5,739.9,1173.8,1077.7
379,12.646,1,1515.1,438.1,1412.0,257.3,1618.1,619.0
379,12.646,2,1012.6,908.9,851.6,739.9,1173.6,1077.8
380,12.679,1,1514.7,438.3,1411.8,257.6,1617.7,618.9
380,12.679,2,1012.4,909.0,850.7,740.2,1174.1,1077.9
381,12.713,1,1514.5,438.9,1411.9,258.8,1617.2,619.0
381,12.713,2,1018.2,908.9,856.5,740.0,1179.9,1077.8
382,12.746,1,1513.8,440.3,1412.0,261.6,1615.7,618.9
382,12.746,2,1019.3,908.7,857.4,739.7,1181.2,1077.7
383,12.779,1,1513.5,440.7,1412.0,262.6,1615.1,618.8
383,12.779,2,1013.6,908.6,850.7,739.6,1176.6,1077.7
384,12.813,1,1513.3,441.2,1412.0,263.5,1614.6,618.8
384,12.813,2,1016.1,908.6,852.8,739.4,1179.4,1077.9
385,12.846,1,1513.2,441.3,1412.0,263.9,1614.4,618.8
385,12.846,2,1017.0,908.6,853.5,739.3,1180.5,1078.0
386,12.88,1,1512.4,442.0,1411.6,265.0,1613.2,618.9
386,12.88,2,1015.1,909.0,851.0,739.6,1179.3,1078.5
387,12.913,1,1512.5,441.7,1411.5,264.4,1613.5,618.9
387,12.913,2,1014.1,909.2,849.3,739.7,1179.0,1078.8
388,12.946,1,1513.0,441.2,1411.8,263.4,1614.3,619.0
388,12.946,2,1013.4,909.5,848.1,740.0,1178.7,1079.0
389,12.98,1,1512.7,441.4,1411.4,263.6,1613.9,619.3
389,12.98,2,1014.4,909.4,848.8,740.0,1180.0,1078.9
390,13.013,1,1513.3,440.6,1411.7,262.0,1614.9,619.1
390,13.013,2,1015.5,909.5,849.7,740.2,1181.2,1078.8
391,13.046,1,1513.5,440.3,1411.8,261.5,1615.3,619.0
391,13.046,2,1015.9,909.5,849.9,740.3,1181.9,1078.8
392,13.08,1,1513.2,440.6,1411.7,262.2,1614.7,619.0
392,13.08,2,1019.9,909.4,854.1,740.0,1185.8,1078.8
393,13.113,1,1514.4,439.5,1412.3,260.3,1616.4,618.8
393,13.113,2,1022.9,909.3,857.3,740.0,1188.5,1078.7
394,13.146,1,1513.9,441.0,1411.9,262.0,1615.9,620.1
394,13.146,2,1025.6,909.1,860.1,739.5,1191.1,1078.7
395,13.18,1,1514.2,441.1,1412.0,261.9,1616.5,620.3
395,13.18,2,1027.2,908.8,861.8,738.9,1192.5,1078.6
396,13.213,1,1514.1,441.5,1411.9,262.5,1616.4,620.5
396,13.213,2,1028.4,908.8,863.5,739.0,1193.2,1078.6
397,13.247,1,1514.1,441.7,1411.7,262.8,1616.4,620.6
397,13.247,2,1028.8,908.8,864.3,739.0,1193.2,1078.6
398,13.28,1,1514.9,440.5,1412.5,261.5,1617.4,619.4
398,13.28,2,1029.7,908.7,865.0,738.2,1194.3,1079.2
399,13.313,1,1515.2,439.9,1412.7,260.9,1617.7,618.9
399,13.313,2,1029.4,908.6,865.2,738.3,1193.6,1079.0
400,13.347,1,1515.9,439.2,1412.9,259.5,1618.9,618.9
400,13.347,2,1030.7,908.5,866.9,738.2,1194.5,1078.9
401,13.38,1,1516.2,439.2,1413.1,259.4,1619.3,618.9
401,13.38,2,1031.0,908.2,867.5,738.0,1194.4,1078.4
402,13.413,1,1516.4,439.4,1413.3,259.9,1619.4,618.8
402,13.413,2,1031.0,908.7,867.9,738.6,1194.1,1078.8
403,13.447,1,1516.4,439.6,1413.4,260.4,1619.4,618.8
403,13.447,2,1031.0,908.8,868.1,738.8,1193.8,1078.9
404,13.48,1,1516.6,439.3,1413.3,259.8,1619.8,618.7
404,13.48,2,1030.0,908.9,867.2,739.0,1192.8,1078.9
405,13.514,1,1517.1,439.0,1413.6,259.3,1620.6,618.6
405,13.514,2,1030.9,908.7,867.8,738.3,1193.9,1079.1
406,13.547,1,1517.4,439.3,1414.0,260.0,1620.7,618.7
406,13.547,2,1030.7,908.4,867.3,737.8,1194.1,1079.0
407,13.58,1,1517.4,439.9,1414.3,261.1,1620.5,618.7
407,13.58,2,1029.5,908.1,865.6,737.1,1193.5,1079.0
408,13.614,1,1517.5,440.0,1414.3,261.3,1620.7,618.8
408,13.614,2,1030.7,907.8,866.6,736.6,1194.9,1079.0
409,13.647,1,1517.5,440.1,1414.3,261.4,1620.7,618.8
409,13.647,2,1031.2,907.7,866.9,736.4,1195.4,1079.0
410,13.68,1,1517.5,440.2,1414.2,261.5,1620.8,618.8
410,13.68,2,1031.9,907.7,867.6,736.2,1196.2,1079.2
411,13.714,1,1517.3,440.2,1414.1,261.8,1620.5,618.6
411,13.714,2,1033.8,907.5,869.7,735.8,1197.9,1079.2
412,13.747,1,1517.3,440.0,1413.9,261.3,1620.7,618.7
412,13.747,2,1033.4,907.4,869.3,735.7,1197.5,1079.2
413,13.78,1,1517.2,440.0,1413.8,261.4,1620.7,618.6
413,13.78,2,1030.8,907.3,866.4,735.6,1195.3,1079.0
414,13.814,1,1516.7,440.1,1413.5,261.9,1620.0,618.3
414,13.814,2,1030.9,907.6,866.5,736.2,1195.3,1079.0
415,13.847,1,1516.5,440.0,1413.2,261.7,1619.9,618.3
415,13.847,2,1030.8,907.8,866.4,736.5,1195.3,1079.0
416,13.881,1,1515.1,441.5,1411.9,263.5,1618.2,619.5
416,13.881,2,1033.7,907.6,869.2,736.1,1198.1,1079.1
417,13.914,1,1513.6,442.9,1411.1,265.7,1616.1,620.2
417,13.914,2,1035.2,907.6,870.8,736.0,1199.5,1079.1
418,13.947,1,1513.8,443.2,1412.1,267.3,1615.5,619.0
418,13.947,2,1038.4,907.7,874.3,736.2,1202.4,1079.3
419,13.981,1,1511.3,444.1,1409.8,268.1,1612.8,620.2
419,13.981,2,1040.6,907.6,876.8,735.9,1204.3,1079.3
420,14.014,1,1511.5,443.8,1410.7,268.7,1612.3,619.0
420,14.014,2,1042.5,907.5,879.1,735.7,1205.9,1079.2
421,14.047,1,1511.6,443.7,1411.1,268.8,1612.0,618.5
421,14.047,2,1043.2,907.4,880.1,735.6,1206.3,1079.2
422,14.081,1,1511.8,443.1,1411.4,268.2,1612.1,617.9
422,14.081,2,1044.0,907.1,880.9,735.0,1207.0,1079.1
423,14.114,1,1512.9,442.2,1412.2,266.8,1613.5,617.6
423,14.114,2,1044.8,907.1,882.2,735.1,1207.5,1079.1
424,14.147,1,1513.3,442.1,1412.7,266.8,1614.0,617.5
424,14.147,2,1045.3,907.2,882.7,735.0,1207.9,1079.4
425,14.181,1,1511.4,442.7,1411.4,268.0,1611.5,617.4
425,14.181,2,1046.4,906.7,883.9,734.3,1208.9,1079.1
426,14.214,1,1511.1,442.5,1411.2,267.8,1611.0,617.2
426,14.214,2,1048.2,906.5,886.3,734.2,1210.1,1078.8
427,14.248,1,1510.3,442.3,1410.6,267.4,1610.1,617.2
427,14.248,2,1048.9,906.3,887.4,734.1,1210.3,1078.5
428,14.281,1,1509.9,442.3,1410.4,267.6,1609.4,617.1
428,14.281,2,1057.9,904.2,898.6,733.1,1217.1,1075.2
429,14.314,1,1509.4,442.0,1410.0,266.8,1608.8,617.1
429,14.314,2,1053.4,905.3,893.5,733.4,1213.3,1077.2
430,14.348,1,1509.1,442.3,1410.0,267.4,1608.1,617.2
430,14.348,2,1052.7,905.6,892.6,733.2,1212.9,1077.9
431,14.381,1,1508.4,443.3,1410.1,269.3,1606.6,617.2
431,14.381,2,1052.7,905.7,892.0,732.9,1213.3,1078.5
432,14.414,1,1508.2,443.4,1410.3,269.5,1606.2,617.2
432,14.414,2,1052.4,905.9,891.7,733.1,1213.1,1078.8
433,14.448,1,1508.2,443.4,1410.4,269.6,1606.0,617.2
433,14.448,2,1052.3,906.0,891.6,733.1,1212.9,1078.9
434,14.481,1,1507.2,444.1,1410.1,270.9,1604.4,617.4
434,14.481,2,1053.6,905.8,892.7,732.9,1214.5,1078.7
435,14.514,1,1505.9,444.7,1408.4,270.2,1603.4,619.2
435,14.514,2,1054.8,905.8,893.6,732.9,1215.9,1078.8
436,14.548,1,1505.7,444.0,1407.7,268.0,1603.7,620.0
436,14.548,2,1055.2,905.6,893.6,732.4,1216.8,1078.7
437,14.581,1,1507.5,443.4,1410.1,268.2,1604.9,618.5
437,14.581,2,1056.4,905.3,894.3,732.0,1218.4,1078.7
438,14.615,1,1506.6,443.4,1408.8,267.1,1604.4,619.7
438,14.615,2,1057.3,905.1,894.8,731.5,1219.8,1078.6
439,14.648,1,1506.2,443.4,1408.4,266.7,1604.1,620.1
439,14.648,2,1057.6,905.0,894.9,731.3,1220.4,1078.6
440,14.681,1,1508.3,441.9,1409.4,263.4,1607.1,620.3
440,14.681,2,1058.1,904.5,894.9,730.6,1221.3,1078.4
441,14.715,1,1508.7,441.8,1409.7,263.1,1607.7,620.4
441,14.715,2,1058.9,904.1,895.3,730.0,1222.5,1078.3
442,14.748,1,1510.0,441.3,1410.7,262.3,1609.3,620.3
442,14.748,2,1060.2,903.5,895.9,728.5,1224.4,1078.4
443,14.781,1,1510.9,441.2,1411.3,262.4,1610.4,620.1
443,14.781,2,1061.6,902.9,896.7,727.0,1226.5,1078.8
444,14.815,1,1511.4,440.8,1411.3,261.4,1611.5,620.1
444,14.815,2,1063.1,902.7,898.1,726.4,1228.2,1079.0
445,14.848,1,1511.6,440.6,1411.1,261.0,1612.0,620.1
445,14.848,2,1063.7,902.6,898.7,726.2,1228.6,1079.1
446,14.882,1,1510.8,441.1,1410.5,262.0,1611.2,620.1
446,14.882,2,1064.9,902.8,900.5,726.8,1229.3,1078.9
447,14.915,1,1509.5,441.6,1409.5,263.1,1609.6,620.0
447,14.915,2,1067.2,903.1,903.3,727.4,1231.1,1078.8
448,14.948,1,1509.3,441.3,1409.1,262.6,1609.5,620.1
448,14.948,2,1070.4,902.9,907.1,727.6,1233.7,1078.2
